{
  "mortality": {
    "accuracy_mean": 0.7467622978516979,
    "accuracy_std": 0.03455715132899309,
    "accuracy_min": 0.7098819590103901,
    "accuracy_max": 0.8058234245885278,
    "precision_mean": 0.7496353418313835,
    "precision_std": 0.027359107184469596,
    "precision_min": 0.7019696857998656,
    "precision_max": 0.7862788734517755,
    "recall_mean": 0.708037492986375,
    "recall_std": 0.0371374555169013,
    "recall_min": 0.6397767952824219,
    "recall_max": 0.7416796395766436,
    "sensitivity_mean": 0.6862529415910398,
    "sensitivity_std": 0.022799646451730785,
    "sensitivity_min": 0.6580445499935432,
    "sensitivity_max": 0.7187886007854988,
    "specificity_mean": 0.7714415086521923,
    "specificity_std": 0.020965460847722637,
    "specificity_min": 0.7452103233989968,
    "specificity_max": 0.806121589792607,
    "f1_mean": 0.680718923344054,
    "f1_std": 0.02836927332259758,
    "f1_min": 0.6350795333227313,
    "f1_max": 0.7046880937888677,
    "auc_mean": 0.8496984694584659,
    "auc_std": 0.022829500977780165,
    "auc_min": 0.821783588642192,
    "auc_max": 0.890813885715483
  },
  "risk": {
    "accuracy_mean": 0.6468063743679495,
    "accuracy_std": 0.05002660944552833,
    "accuracy_min": 0.5725218099812555,
    "accuracy_max": 0.7291921158056478,
    "precision_macro_mean": 0.623116539249161,
    "precision_macro_std": 0.02397166366037165,
    "precision_macro_min": 0.5877972707996172,
    "precision_macro_max": 0.6603681864104373,
    "recall_macro_mean": 0.6573144815905356,
    "recall_macro_std": 0.031024525630338695,
    "recall_macro_min": 0.6042422390948742,
    "recall_macro_max": 0.694342336355205,
    "f1_macro_mean": 0.7321356538060553,
    "f1_macro_std": 0.02481247429185694,
    "f1_macro_min": 0.7085445685933733,
    "f1_macro_max": 0.7748506678247487,
    "f1_weighted_mean": 0.6816139732728046,
    "f1_weighted_std": 0.031131003974911368,
    "f1_weighted_min": 0.6315363022396432,
    "f1_weighted_max": 0.7154512905710096,
    "auc_ovr_mean": 0.7794314127272182,
    "auc_ovr_std": 0.023798374392814528,
    "auc_ovr_min": 0.7348413585371493,
    "auc_ovr_max": 0.8064874215913646
  },
  "los": {
    "mae_mean": 2.713211241163156,
    "mae_std": 0.37858573108186433,
    "mae_min": 2.1776171949505594,
    "mae_max": 3.283488247568487,
    "rmse_mean": 3.3240943849428306,
    "rmse_std": 0.9635894005833628,
    "rmse_min": 2.5,
    "rmse_max": 5.120975985462838,
    "mape_mean": 0.33279549528641594,
    "mape_std": 0.03306500403188635,
    "mape_min": 0.3004457895183003,
    "mape_max": 0.3810212616836114,
    "r2_mean": 0.5491863444861533,
    "r2_std": 0.05061989702461731,
    "r2_min": 0.49796757634874234,
    "r2_max": 0.6293350409586032,
    "accuracy_within_2d_mean": 0.6148553258732556,
    "accuracy_within_2d_std": 0.057896176308931374,
    "accuracy_within_2d_min": 0.5381676414194352,
    "accuracy_within_2d_max": 0.7135823216823486
  },
  "outcomes": {
    "auc_micro_mean": 0.7725191850682022,
    "auc_micro_std": 0.028011297199568092,
    "auc_micro_min": 0.7354384811051792,
    "auc_micro_max": 0.8102692585179899,
    "auc_macro_mean": 0.7175253754015387,
    "auc_macro_std": 0.0369608156848296,
    "auc_macro_min": 0.6619119559673072,
    "auc_macro_max": 0.7662716552017047,
    "f1_micro_mean": 0.6551110285968351,
    "f1_micro_std": 0.0570530891941051,
    "f1_micro_min": 0.5845467991217547,
    "f1_micro_max": 0.7563796693545982
  },
  "response": {
    "mae_mean": 3.7381738343556585,
    "mae_std": 0.5197742579215913,
    "mae_min": 3.196629625081104,
    "mae_max": 4.716683623069105,
    "rmse_mean": 5.047166396276184,
    "rmse_std": 0.8766562793153337,
    "rmse_min": 3.5966883088773494,
    "rmse_max": 6.271278001315169,
    "r2_mean": 0.4787050831725561,
    "r2_std": 0.0421154198898329,
    "r2_min": 0.42158472114903756,
    "r2_max": 0.5467448314454698
  }
}