{
  "Logistic Regression": {
    "auc_mean": 0.7637771716911089,
    "auc_std": 0.03018437672413734,
    "auc_scores": [
      0.735416432505339,
      0.7379453748454535,
      0.745644599303136,
      0.808294930875576,
      0.7915845209260406
    ],
    "f1_mean": 0.32636658493049,
    "f1_std": 0.02672727758131222,
    "f1_scores": [
      0.3356643356643357,
      0.2913907284768212,
      0.3037974683544304,
      0.3333333333333333,
      0.36764705882352944
    ],
    "accuracy_mean": 0.7867750388629803,
    "accuracy_std": 0.019396648839111505,
    "precision_mean": 0.22497833858438843,
    "recall_mean": 0.5984146341463416
  },
  "Random Forest": {
    "auc_mean": 0.8383987842906283,
    "auc_std": 0.031834733087944406,
    "auc_scores": [
      0.8768124086770821,
      0.7831291446555019,
      0.8274137349668428,
      0.8561059907834101,
      0.8485326423703037
    ],
    "f1_mean": 0.18018732130533371,
    "f1_std": 0.03673505352084265,
    "f1_scores": [
      0.17777777777777778,
      0.24489795918367346,
      0.17391304347826086,
      0.13043478260869565,
      0.17391304347826086
    ],
    "accuracy_mean": 0.9199307128580946,
    "accuracy_std": 0.0023717049220072918,
    "precision_mean": 0.7699999999999999,
    "recall_mean": 0.1028048780487805
  },
  "Gradient Boosting": {
    "auc_mean": 0.8044171407649412,
    "auc_std": 0.025807612237134986,
    "auc_scores": [
      0.8470832865010678,
      0.7701191412835787,
      0.7993143756322356,
      0.7904953917050691,
      0.8150735087027546
    ],
    "f1_mean": 0.3076211491826326,
    "f1_std": 0.05757352228741073,
    "f1_scores": [
      0.3103448275862069,
      0.21818181818181817,
      0.3018867924528302,
      0.3076923076923077,
      0.4
    ],
    "accuracy_mean": 0.9203597601598934,
    "accuracy_std": 0.007161893931177421,
    "precision_mean": 0.6154061624649859,
    "recall_mean": 0.20585365853658538
  },
  "Extra Trees": {
    "auc_mean": 0.8215436029374927,
    "auc_std": 0.03619725164603878,
    "auc_scores": [
      0.8115656963021244,
      0.7670563111161066,
      0.816735978419692,
      0.8792050691244239,
      0.8331549597251169
    ],
    "f1_mean": 0.2595824866956943,
    "f1_std": 0.0387237199986063,
    "f1_scores": [
      0.24,
      0.3018867924528302,
      0.20833333333333334,
      0.3076923076923077,
      0.24
    ],
    "accuracy_mean": 0.9211974239395959,
    "accuracy_std": 0.0016552416714649457,
    "precision_mean": 0.6761904761904761,
    "recall_mean": 0.1619512195121951
  },
  "AdaBoost": {
    "auc_mean": 0.82613462357631,
    "auc_std": 0.03022818415506275,
    "auc_scores": [
      0.8663313476452736,
      0.7782960548499493,
      0.8086433629313251,
      0.8433179723502304,
      0.8340843801047712
    ],
    "f1_mean": 0.19230342275670675,
    "f1_std": 0.02263507850248997,
    "f1_scores": [
      0.17777777777777778,
      0.1702127659574468,
      0.21739130434782608,
      0.2222222222222222,
      0.17391304347826086
    ],
    "accuracy_mean": 0.9220404174994448,
    "accuracy_std": 0.0029581928318138375,
    "precision_mean": 0.8933333333333333,
    "recall_mean": 0.1079268292682927
  }
}