{
  "protocol_a_permissive_row_level": {
    "auc_mean": 0.9820455185796781,
    "auc_std": 0.0011635854617353507,
    "fold_auc": [
      0.9813381382385453,
      0.9836859124767787,
      0.9811125050237104
    ]
  },
  "protocol_b_strict_patient_level": {
    "auc_mean": 0.7861816234100832,
    "auc_std": 0.018124394735569482,
    "fold_auc": [
      0.768997640549996,
      0.7783032300056952,
      0.8112439996745586
    ]
  },
  "delta_auc_mean": 0.1958638951695949
}