{
  "cv_results": {
    "fold": [
      1,
      2,
      3,
      4,
      5
    ],
    "train_auc": [
      0.9891756930964483,
      0.9834190288500008,
      0.9857517048277108,
      0.9811829170994596,
      0.9860703812316716
    ],
    "val_auc": [
      0.976269113149847,
      0.9925382262996942,
      0.961282169117647,
      1.0,
      0.9818627450980393
    ],
    "train_f1": [
      0.7421383647798742,
      0.7515923566878981,
      0.0,
      0.8444444444444444,
      0.7712418300653595
    ],
    "val_f1": [
      0.875,
      0.6086956521739131,
      0.0,
      0.9142857142857143,
      0.7777777777777778
    ],
    "sensitivity": [
      0.9333333333333333,
      0.9333333333333333,
      0.0,
      1.0,
      0.9333333333333333
    ],
    "specificity": [
      0.9944954128440368,
      0.9688073394495413,
      1.0,
      0.9944852941176471,
      0.9871323529411765
    ],
    "precision": [
      0.8235294117647058,
      0.45161290322580644,
      0,
      0.8421052631578947,
      0.6666666666666666
    ],
    "npv": [
      0.998158379373849,
      0.998109640831758,
      0.9714285714285714,
      1.0,
      0.9981412639405205
    ]
  },
  "statistics": {
    "mean_val_auc": 0.9823904507330454,
    "std_val_auc": 0.013389416523030707,
    "mean_train_auc": 0.9851199450210582,
    "std_train_auc": 0.0026886742670390075,
    "mean_sensitivity": 0.76,
    "mean_specificity": 0.9889840798704803
  },
  "timestamp": "2026-04-08T00:17:27.039902"
}