{
  "test": {
    "auc": 0.9391339869281046,
    "sensitivity": 0.8333333333333334,
    "specificity": 1.0,
    "precision": 1.0,
    "npv": 0.9951219512195122,
    "accuracy": 0.9952380952380953,
    "f1": 0.9090909090909091,
    "tp": 10,
    "fp": 0,
    "fn": 2,
    "tn": 408
  },
  "training_status": {
    "best_val_auc": 0.9404312069348744,
    "test_auc_from_training": 0.9391339869281046,
    "match": true
  }
}