{
  "sepsis": {
    "auc": 0.84375,
    "base_aucs": [
      0.746875,
      0.2,
      0.79375
    ],
    "mean_base_auc": 0.5802083333333333,
    "improvement": 0.2635416666666667,
    "n_features": 15
  },
  "respiratory": {
    "auc": 0.8374999999999999,
    "base_aucs": [
      0.821875,
      0.2,
      0.5125
    ],
    "mean_base_auc": 0.5114583333333333,
    "improvement": 0.32604166666666656,
    "n_features": 9
  },
  "renal": {
    "auc": 0.753125,
    "base_aucs": [
      0.73125,
      0.2,
      0.740625
    ],
    "mean_base_auc": 0.5572916666666666,
    "improvement": 0.19583333333333341,
    "n_features": 5
  },
  "cardiac": {
    "auc": 0.803125,
    "base_aucs": [
      0.37187499999999996,
      0.2,
      0.5031249999999999
    ],
    "mean_base_auc": 0.3583333333333332,
    "improvement": 0.44479166666666675,
    "n_features": 17
  },
  "hepatic": {
    "auc": 0.8843749999999999,
    "base_aucs": [
      0.125,
      0.2,
      0.11562500000000003
    ],
    "mean_base_auc": 0.146875,
    "improvement": 0.7374999999999999,
    "n_features": 5
  }
}