{
  "timestamp": "2026-04-08T13:56:21.255202",
  "recommended_threshold": 0.9206521393817461,
  "strategy": "Maximize sensitivity while maintaining specificity > 95%",
  "test_auc": 0.9847094801223241,
  "performance_at_recommended": {
    "sensitivity": 0.8666666666666667,
    "specificity": 1.0,
    "threshold": 0.9206521393817461
  },
  "alternative_strategies": {
    "maximize_f1": {
      "threshold": 0.0010702845515289426,
      "sensitivity": 1.0,
      "specificity": 0.8807339449541285,
      "f1_score": 0.9365853608737656
    },
    "youden_index": {
      "threshold": 0.0010702845515289426,
      "sensitivity": 1.0,
      "specificity": 0.8807339449541285,
      "youden": 0.8807339449541285
    }
  },
  "comparison_to_default": {
    "default_threshold": 0.5,
    "sensitivity_improvement_pct": 0.0,
    "specificity_change_pct": 0.0
  },
  "note": "DO NOT USE 0.5 - this threshold is optimized for ICU mortality prediction"
}