{
  "paper_reproduction_mode": {
    "auc_mean": 0.9859449215872296,
    "auc_std": 0.0014103228400394205,
    "fold_auc": [
      0.9846181481246089,
      0.9858471789691288,
      0.9869970831340253,
      0.9880017676189864,
      0.9842604300893979
    ],
    "n_features": 26
  },
  "strict_unseen_patient_mode": {
    "auc_mean": 0.7928123733744228,
    "auc_std": 0.03198278190166046,
    "fold_auc": [
      0.8300550747442959,
      0.7456726986624704,
      0.7774530740699113,
      0.7836405529953917,
      0.827240466400045
    ],
    "n_features": 12
  },
  "paper_mode_reaches_094": true
}