{
  "winner": "Stacking",
  "best_auc": 0.8848504003371259,
  "status": "\u274c NEEDS_0.0151AUC",
  "metrics": {
    "threshold": 0.0707387718631679,
    "recall": 0.8333333333333334,
    "precision": 0.28,
    "f1": 0.41916167664670656
  },
  "individual_models": {
    "et": 0.8873261694058153,
    "xgb": 0.8764222503160556,
    "lgb": 0.8952802359882006,
    "rf": 0.8762905604719764
  },
  "stacking_auc": 0.8848504003371259,
  "voting_auc": 0.8837442056468605
}