{
  "model": "RF_baseline_120feat",
  "timestamp": "2026-04-07 19:48:09.124793",
  "data": {
    "n_samples": 1713,
    "n_features": 120,
    "mortality_rate": 0.08347927612375948
  },
  "optimal_threshold": 0.44,
  "metrics_at_optimal": {
    "auc": 0.6145316466972518,
    "accuracy": 0.9165207238762405,
    "precision": 0.0,
    "recall": 0.0,
    "f1": 0.0
  },
  "all_thresholds": {
    "0.3": {
      "auc": 0.6145316466972518,
      "accuracy": 0.9165207238762405,
      "precision": 0.0,
      "recall": 0.0,
      "f1": 0.0
    },
    "0.35": {
      "auc": 0.6145316466972518,
      "accuracy": 0.9165207238762405,
      "precision": 0.0,
      "recall": 0.0,
      "f1": 0.0
    },
    "0.4": {
      "auc": 0.6145316466972518,
      "accuracy": 0.9165207238762405,
      "precision": 0.0,
      "recall": 0.0,
      "f1": 0.0
    },
    "0.44": {
      "auc": 0.6145316466972518,
      "accuracy": 0.9165207238762405,
      "precision": 0.0,
      "recall": 0.0,
      "f1": 0.0
    },
    "0.5": {
      "auc": 0.6145316466972518,
      "accuracy": 0.9165207238762405,
      "precision": 0.0,
      "recall": 0.0,
      "f1": 0.0
    },
    "0.55": {
      "auc": 0.6145316466972518,
      "accuracy": 0.9165207238762405,
      "precision": 0.0,
      "recall": 0.0,
      "f1": 0.0
    }
  },
  "status": "READY_FOR_ENSEMBLE"
}