{
  "Logistic Regression": {
    "train_auc_mean": 0.8734863886580893,
    "train_auc_std": 0.0104047676007307,
    "val_auc_mean": 0.7371599641952669,
    "val_auc_std": 0.04774068800203456,
    "test_auc": 0.8383724851073395,
    "n_train_folds": 5,
    "test_fpr": [
      0.0,
      0.0,
      0.0,
      0.0069124423963133645,
      0.0069124423963133645,
      0.009216589861751152,
      0.009216589861751152,
      0.02304147465437788,
      0.02304147465437788,
      0.02534562211981567,
      0.02534562211981567,
      0.03686635944700461,
      0.03686635944700461,
      0.041474654377880185,
      0.041474654377880185,
      0.04377880184331797,
      0.04377880184331797,
      0.06682027649769585,
      0.06682027649769585,
      0.06912442396313365,
      0.06912442396313365,
      0.07373271889400922,
      0.07373271889400922,
      0.08064516129032258,
      0.08064516129032258,
      0.08525345622119816,
      0.08525345622119816,
      0.1152073732718894,
      0.1152073732718894,
      0.1175115207373272,
      0.1175115207373272,
      0.12442396313364056,
      0.12442396313364056,
      0.12672811059907835,
      0.12672811059907835,
      0.1336405529953917,
      0.1336405529953917,
      0.16129032258064516,
      0.16129032258064516,
      0.16359447004608296,
      0.16359447004608296,
      0.16820276497695852,
      0.16820276497695852,
      0.2488479262672811,
      0.2488479262672811,
      0.2511520737327189,
      0.2511520737327189,
      0.2557603686635945,
      0.2557603686635945,
      0.29493087557603687,
      0.29493087557603687,
      0.3847926267281106,
      0.3847926267281106,
      0.41244239631336405,
      0.41244239631336405,
      0.4700460829493088,
      0.4700460829493088,
      0.4838709677419355,
      0.4838709677419355,
      0.5046082949308756,
      0.5046082949308756,
      0.9262672811059908,
      0.9262672811059908,
      1.0
    ],
    "test_tpr": [
      0.0,
      0.024390243902439025,
      0.0975609756097561,
      0.0975609756097561,
      0.12195121951219512,
      0.12195121951219512,
      0.1951219512195122,
      0.1951219512195122,
      0.21951219512195122,
      0.21951219512195122,
      0.2682926829268293,
      0.2682926829268293,
      0.2926829268292683,
      0.2926829268292683,
      0.3170731707317073,
      0.3170731707317073,
      0.34146341463414637,
      0.34146341463414637,
      0.3902439024390244,
      0.3902439024390244,
      0.4146341463414634,
      0.4146341463414634,
      0.4634146341463415,
      0.4634146341463415,
      0.4878048780487805,
      0.4878048780487805,
      0.5121951219512195,
      0.5121951219512195,
      0.5365853658536586,
      0.5365853658536586,
      0.5609756097560976,
      0.5609756097560976,
      0.6097560975609756,
      0.6097560975609756,
      0.6341463414634146,
      0.6341463414634146,
      0.6585365853658537,
      0.6585365853658537,
      0.6829268292682927,
      0.6829268292682927,
      0.7073170731707317,
      0.7073170731707317,
      0.7317073170731707,
      0.7317073170731707,
      0.7560975609756098,
      0.7560975609756098,
      0.7804878048780488,
      0.7804878048780488,
      0.8048780487804879,
      0.8048780487804879,
      0.8292682926829268,
      0.8292682926829268,
      0.8536585365853658,
      0.8536585365853658,
      0.9024390243902439,
      0.9024390243902439,
      0.926829268292683,
      0.926829268292683,
      0.9512195121951219,
      0.9512195121951219,
      0.975609756097561,
      0.975609756097561,
      1.0,
      1.0
    ]
  },
  "Random Forest": {
    "train_auc_mean": 1.0,
    "train_auc_std": 7.021666937153402e-17,
    "val_auc_mean": 0.8114727971356214,
    "val_auc_std": 0.04078948985893755,
    "test_auc": 0.8876868607395751,
    "n_train_folds": 5,
    "test_fpr": [
      0.0,
      0.002304147465437788,
      0.002304147465437788,
      0.004608294930875576,
      0.004608294930875576,
      0.0069124423963133645,
      0.0069124423963133645,
      0.016129032258064516,
      0.016129032258064516,
      0.018433179723502304,
      0.018433179723502304,
      0.020737327188940093,
      0.020737327188940093,
      0.03456221198156682,
      0.03456221198156682,
      0.041474654377880185,
      0.041474654377880185,
      0.04377880184331797,
      0.04377880184331797,
      0.04608294930875576,
      0.04608294930875576,
      0.05069124423963134,
      0.052995391705069124,
      0.07603686635944701,
      0.07603686635944701,
      0.08755760368663594,
      0.08755760368663594,
      0.11059907834101383,
      0.11059907834101383,
      0.1152073732718894,
      0.1152073732718894,
      0.14746543778801843,
      0.14746543778801843,
      0.1497695852534562,
      0.15668202764976957,
      0.16129032258064516,
      0.16129032258064516,
      0.17511520737327188,
      0.17511520737327188,
      0.17972350230414746,
      0.17972350230414746,
      0.26036866359447003,
      0.26036866359447003,
      0.2926267281105991,
      0.2926267281105991,
      0.29493087557603687,
      0.29493087557603687,
      0.31336405529953915,
      0.31336405529953915,
      0.4055299539170507,
      0.4147465437788018,
      0.41935483870967744,
      0.41935483870967744,
      0.4377880184331797,
      0.4447004608294931,
      0.5576036866359447,
      0.5622119815668203,
      0.576036866359447,
      0.6152073732718893,
      0.619815668202765,
      0.6267281105990783,
      0.6382488479262672,
      0.6382488479262672,
      0.6589861751152074,
      0.6728110599078341,
      0.7004608294930875,
      0.7050691244239631,
      0.7142857142857143,
      0.7235023041474654,
      0.7258064516129032,
      0.7258064516129032,
      0.7373271889400922,
      0.7557603686635944,
      0.771889400921659,
      0.7857142857142857,
      0.7903225806451613,
      0.7926267281105991,
      0.7972350230414746,
      0.8018433179723502,
      0.8341013824884793,
      0.8594470046082949,
      0.8778801843317973,
      0.8824884792626728,
      0.8940092165898618,
      0.9078341013824884,
      0.9262672811059908,
      0.9400921658986175,
      0.9815668202764977,
      1.0
    ],