{
  "dataset_overview": {
    "hourly_rows": 92873,
    "hourly_patients": 2373,
    "outcome_rows": 2520,
    "outcome_patients": 2520,
    "mortality_rate": 0.08412698412698413,
    "x_eicu_shape": [
      109837,
      24,
      3
    ],
    "x_physio_shape": [
      116627,
      24,
      3
    ]
  },
  "missingness": {
    "myoglobin": 0.9997954195514305,
    "troponin - T": 0.9980511020425743,
    "PTT": 0.989512560162803,
    "lactate": 0.988618866624315,
    "PT": 0.9862285055936602,
    "total bilirubin": 0.9819215487816696,
    "HCO3": 0.9793589094785352,
    "pH": 0.9792189333821455,
    "albumin": 0.9783360072356875,
    "padiastolic": 0.9752349983310542,
    "pasystolic": 0.9752242309390242,
    "pamean": 0.9751165570187245,
    "etco2": 0.9699266740602759,
    "platelets x 1000": 0.9547877208661291,
    "Hct": 0.9481011704155137,
    "BUN": 0.9447955810623109,
    "temperature": 0.939271908950933,
    "cvp": 0.8943503494018714,
    "systemicdiastolic": 0.8668504301573116,
    "systemicsystolic": 0.8668288953732517,
    "systemicmean": 0.8663658975159627,
    "respiration": 0.12076706900821552,
    "sao2": 0.0881741733334769,
    "heartrate": 0.004522304652590096,
    "mortality": 0.0
  },
  "drift_metrics": [
    {
      "feature": "heartrate",
      "eicu_mean": 0.01287918072193861,
      "physio_mean": -0.009294251911342144,
      "eicu_std": 0.9985555410385132,
      "physio_std": 1.0019645690917969,
      "cohen_d": 0.022167589515447617,
      "ks_stat": 0.010851999999999973,
      "ks_pvalue": 3.2456779825683105e-13,
      "psi": 0.0007340582626873747
    },
    {
      "feature": "respiration",
      "eicu_mean": 0.012838413938879967,
      "physio_mean": -0.008232983760535717,
      "eicu_std": 0.9875435829162598,
      "physio_std": 1.0114569664001465,
      "cohen_d": 0.021080382168293,
      "ks_stat": 0.011703999999999992,
      "ks_pvalue": 2.657098949565769e-15,
      "psi": 0.0018525728065310475
    },
    {
      "feature": "sao2",
      "eicu_mean": 0.012221154756844044,
      "physio_mean": -0.011288239620625973,
      "eicu_std": 1.013348937034607,
      "physio_std": 0.9987155795097351,
      "cohen_d": 0.02336776629090309,
      "ks_stat": 0.015523999999999982,
      "ks_pvalue": 1.3474926890261498e-26,
      "psi": 0.001479483200207139
    }
  ]
}